model,image,gt_index,epsilon,conf_threshold,iou_threshold,method,iou,iou_0.5,iou_0.7,time
yolo11x,000000017178,0,1/255,0.45,0.25,odpv,0.838298499584198,0.838298499584198,0.838298499584198,54.51700043678284
yolo11x,000000017178,0,1/255,0.45,0.25,pgd,0.0058264839462935925,0.0,0.0,664.6758282184601
yolo11x,000000017178,0,1/255,0.45,0.25,rcp,0.8937975142569962,0.8937975142569962,0.8937975142569962,653.0712244510651
yolo11x,000000017178,0,1/255,0.45,0.25,square_attack,0.8612563610076904,0.8612563610076904,0.8612563610076904,136.37548007965088
yolo11x,000000017178,0,2/255,0.45,0.25,odpv,0.6998597383499146,0.6998597383499146,0.0,83.23299717903137
yolo11x,000000017178,0,2/255,0.45,0.25,pgd,0.0,0.0,0.0,5.350320816040039
yolo11x,000000017178,0,2/255,0.45,0.25,rcp,0.886227649646361,0.886227649646361,0.886227649646361,636.3954649925232
yolo11x,000000017178,0,2/255,0.45,0.25,square_attack,0.7658714652061462,0.7658714652061462,0.7658714652061462,130.2933312892914
yolo11x,000000017178,1,1/255,0.45,0.25,odpv,0.8751283288002014,0.8751283288002014,0.8751283288002014,54.49952054023743
yolo11x,000000017178,1,1/255,0.45,0.25,pgd,0.2264775186777115,0.0,0.0,664.6758282184601
yolo11x,000000017178,1,1/255,0.45,0.25,rcp,0.9165322798905028,0.9165322798905028,0.9165322798905028,653.0712244510651
yolo11x,000000017178,1,1/255,0.45,0.25,square_attack,0.9027403593063354,0.9027403593063354,0.9027403593063354,136.37548007965088
yolo11x,000000017178,1,2/255,0.45,0.25,odpv,0.7734619975090027,0.7734619975090027,0.7734619975090027,85.89297795295715
yolo11x,000000017178,1,2/255,0.45,0.25,pgd,0.0,0.0,0.0,5.350320816040039
yolo11x,000000017178,1,2/255,0.45,0.25,rcp,0.9130895275151786,0.9130895275151786,0.9130895275151786,636.3954649925232
yolo11x,000000017178,1,2/255,0.45,0.25,square_attack,0.8853654861450195,0.8853654861450195,0.8853654861450195,130.2933312892914
yolo11x,000000017178,2,1/255,0.45,0.25,odpv,0.0,0.0,0.0,0.20502495765686035
yolo11x,000000017178,2,1/255,0.45,0.25,pgd,0.0,0.0,0.0,664.6758282184601
yolo11x,000000017178,2,1/255,0.45,0.25,rcp,0.5138624042412941,0.5138624042412941,0.0,653.0712244510651
yolo11x,000000017178,2,1/255,0.45,0.25,square_attack,0.512353777885437,0.512353777885437,0.0,136.37548007965088
yolo11x,000000017178,2,2/255,0.45,0.25,odpv,0.0,0.0,0.0,0.10396289825439453
yolo11x,000000017178,2,2/255,0.45,0.25,pgd,0.0,0.0,0.0,5.350320816040039
yolo11x,000000017178,2,2/255,0.45,0.25,rcp,0.5055766463739798,0.5055766463739798,0.0,636.3954649925232
yolo11x,000000017178,2,2/255,0.45,0.25,square_attack,0.5074089765548706,0.5074089765548706,0.0,130.2933312892914
yolo11x,000000017178,3,1/255,0.45,0.25,odpv,0.0,0.0,0.0,0.18421292304992676
yolo11x,000000017178,3,1/255,0.45,0.25,pgd,0.0,0.0,0.0,664.6758282184601
yolo11x,000000017178,3,1/255,0.45,0.25,rcp,0.0,0.0,0.0,653.0712244510651
yolo11x,000000017178,3,1/255,0.45,0.25,square_attack,0.0,0.0,0.0,136.37548007965088
yolo11x,000000017178,3,2/255,0.45,0.25,odpv,0.0,0.0,0.0,0.10438656806945801
yolo11x,000000017178,3,2/255,0.45,0.25,pgd,0.0,0.0,0.0,5.350320816040039
yolo11x,000000017178,3,2/255,0.45,0.25,rcp,0.0,0.0,0.0,636.3954649925232
yolo11x,000000017178,3,2/255,0.45,0.25,square_attack,0.0,0.0,0.0,130.2933312892914
yolo11x,000000017178,4,1/255,0.45,0.25,odpv,0.963450014591217,0.963450014591217,0.963450014591217,52.891024112701416
yolo11x,000000017178,4,1/255,0.45,0.25,pgd,0.0,0.0,0.0,664.6758282184601
yolo11x,000000017178,4,1/255,0.45,0.25,rcp,0.9743265276396311,0.9743265276396311,0.9743265276396311,653.0712244510651
yolo11x,000000017178,4,1/255,0.45,0.25,square_attack,0.9668453335762024,0.9668453335762024,0.9668453335762024,136.37548007965088
yolo11x,000000017178,4,2/255,0.45,0.25,odpv,0.936429500579834,0.936429500579834,0.936429500579834,86.51295042037964
yolo11x,000000017178,4,2/255,0.45,0.25,pgd,0.0,0.0,0.0,5.350320816040039
yolo11x,000000017178,4,2/255,0.45,0.25,rcp,0.9731828831712215,0.9731828831712215,0.9731828831712215,636.3954649925232
yolo11x,000000017178,4,2/255,0.45,0.25,square_attack,0.9548670649528503,0.9548670649528503,0.9548670649528503,130.2933312892914
yolo11x,000000033759,0,1/255,0.45,0.25,odpv,0.7848873138427734,0.7848873138427734,0.7848873138427734,53.10635805130005
yolo11x,000000033759,0,1/255,0.45,0.25,pgd,0.0,0.0,0.0,633.000720500946
yolo11x,000000033759,0,1/255,0.45,0.25,rcp,0.8237026150238136,0.8237026150238136,0.8237026150238136,672.4381217956543
yolo11x,000000033759,0,1/255,0.45,0.25,square_attack,0.8120676279067993,0.8120676279067993,0.8120676279067993,102.50165739059449
yolo11x,000000033759,0,2/255,0.45,0.25,odpv,0.7809803485870361,0.7809803485870361,0.7809803485870361,50.79427766799927
yolo11x,000000033759,0,2/255,0.45,0.25,pgd,0.0,0.0,0.0,104.153235912323
yolo11x,000000033759,0,2/255,0.45,0.25,rcp,0.8197931693466306,0.8197931693466306,0.8197931693466306,671.0690221786499
yolo11x,000000033759,0,2/255,0.45,0.25,square_attack,0.7946637868881226,0.7946637868881226,0.7946637868881226,93.25871868133545
yolo11x,000000033759,1,1/255,0.45,0.25,odpv,0.9619908928871155,0.9619908928871155,0.9619908928871155,53.11076021194458
yolo11x,000000033759,1,1/255,0.45,0.25,pgd,0.9460914731025696,0.9460914731025696,0.9460914731025696,633.000720500946
yolo11x,000000033759,1,1/255,0.45,0.25,rcp,0.9756549112770588,0.9756549112770588,0.9756549112770588,672.4381217956543
yolo11x,000000033759,1,1/255,0.45,0.25,square_attack,0.9655702710151672,0.9655702710151672,0.9655702710151672,102.50165739059449
yolo11x,000000033759,1,2/255,0.45,0.25,odpv,0.9601088166236877,0.9601088166236877,0.9601088166236877,50.834962606430054
yolo11x,000000033759,1,2/255,0.45,0.25,pgd,0.0,0.0,0.0,104.153235912323
yolo11x,000000033759,1,2/255,0.45,0.25,rcp,0.9752003573295247,0.9752003573295247,0.9752003573295247,671.0690221786499
yolo11x,000000033759,1,2/255,0.45,0.25,square_attack,0.9590701460838318,0.9590701460838318,0.9590701460838318,93.25871868133545
yolo11x,000000033759,2,1/255,0.45,0.25,odpv,0.882290780544281,0.882290780544281,0.882290780544281,53.17085027694702
yolo11x,000000033759,2,1/255,0.45,0.25,pgd,0.0,0.0,0.0,633.000720500946
yolo11x,000000033759,2,1/255,0.45,0.25,rcp,0.9395904762895991,0.9395904762895991,0.9395904762895991,672.4381217956543
yolo11x,000000033759,2,1/255,0.45,0.25,square_attack,0.9365196228027344,0.9365196228027344,0.9365196228027344,102.50165739059449
yolo11x,000000033759,2,2/255,0.45,0.25,odpv,0.8964201211929321,0.8964201211929321,0.8964201211929321,50.88970375061035
yolo11x,000000033759,2,2/255,0.45,0.25,pgd,0.0,0.0,0.0,104.153235912323
yolo11x,000000033759,2,2/255,0.45,0.25,rcp,0.9364235212314377,0.9364235212314377,0.9364235212314377,671.0690221786499
yolo11x,000000033759,2,2/255,0.45,0.25,square_attack,0.9300207495689392,0.9300207495689392,0.9300207495689392,93.25871868133545
yolo11x,000000033759,3,1/255,0.45,0.25,odpv,0.0,0.0,0.0,0.001264333724975586
yolo11x,000000033759,3,1/255,0.45,0.25,pgd,0.0,0.0,0.0,633.000720500946
yolo11x,000000033759,3,1/255,0.45,0.25,rcp,0.0,0.0,0.0,672.4381217956543
yolo11x,000000033759,3,1/255,0.45,0.25,square_attack,0.0,0.0,0.0,102.50165739059449
yolo11x,000000033759,3,2/255,0.45,0.25,odpv,0.0,0.0,0.0,0.0013136863708496094
yolo11x,000000033759,3,2/255,0.45,0.25,pgd,0.0,0.0,0.0,104.153235912323
yolo11x,000000033759,3,2/255,0.45,0.25,rcp,0.0,0.0,0.0,671.0690221786499
yolo11x,000000033759,3,2/255,0.45,0.25,square_attack,0.0,0.0,0.0,93.25871868133545
yolo11x,000000033759,4,1/255,0.45,0.25,odpv,0.0,0.0,0.0,0.0011234283447265625
yolo11x,000000033759,4,1/255,0.45,0.25,pgd,0.0,0.0,0.0,633.000720500946
yolo11x,000000033759,4,1/255,0.45,0.25,rcp,0.0,0.0,0.0,672.4381217956543
yolo11x,000000033759,4,1/255,0.45,0.25,square_attack,0.0,0.0,0.0,102.50165739059449
yolo11x,000000033759,4,2/255,0.45,0.25,odpv,0.0,0.0,0.0,0.0011966228485107422
yolo11x,000000033759,4,2/255,0.45,0.25,pgd,0.0,0.0,0.0,104.153235912323
yolo11x,000000033759,4,2/255,0.45,0.25,rcp,0.0,0.0,0.0,671.0690221786499
yolo11x,000000033759,4,2/255,0.45,0.25,square_attack,0.0,0.0,0.0,93.25871868133545
yolo11x,000000038048,0,1/255,0.45,0.25,odpv,0.9365253448486328,0.9365253448486328,0.9365253448486328,53.280309438705444
yolo11x,000000038048,0,1/255,0.45,0.25,pgd,0.0,0.0,0.0,48.12743592262268
yolo11x,000000038048,0,1/255,0.45,0.25,rcp,0.9506338617730876,0.9506338617730876,0.9506338617730876,558.3238681554794
yolo11x,000000038048,0,1/255,0.45,0.25,square_attack,0.9296957850456238,0.9296957850456238,0.9296957850456238,85.87304377555847
yolo11x,000000038048,0,2/255,0.45,0.25,odpv,0.9079590439796448,0.9079590439796448,0.9079590439796448,53.20510983467102
yolo11x,000000038048,0,2/255,0.45,0.25,pgd,0.0,0.0,0.0,6.759001016616821
yolo11x,000000038048,0,2/255,0.45,0.25,rcp,0.9476240133526944,0.9476240133526944,0.9476240133526944,559.0795586705208
yolo11x,000000038048,0,2/255,0.45,0.25,square_attack,0.8732174634933472,0.8732174634933472,0.8732174634933472,85.7422404885292
yolo11x,000000038048,1,1/255,0.45,0.25,odpv,0.0,0.0,0.0,0.0014259815216064453
yolo11x,000000038048,1,1/255,0.45,0.25,pgd,0.0,0.0,0.0,48.12743592262268
yolo11x,000000038048,1,1/255,0.45,0.25,rcp,0.0,0.0,0.0,558.3238681554794
yolo11x,000000038048,1,1/255,0.45,0.25,square_attack,0.0,0.0,0.0,85.87304377555847
yolo11x,000000038048,1,2/255,0.45,0.25,odpv,0.0,0.0,0.0,0.0018680095672607422
yolo11x,000000038048,1,2/255,0.45,0.25,pgd,0.0,0.0,0.0,6.759001016616821
yolo11x,000000038048,1,2/255,0.45,0.25,rcp,0.0,0.0,0.0,559.0795586705208
yolo11x,000000038048,1,2/255,0.45,0.25,square_attack,0.0,0.0,0.0,85.7422404885292
yolo11x,000000038048,2,1/255,0.45,0.25,odpv,0.6544365882873535,0.6544365882873535,0.0,53.16195583343506
yolo11x,000000038048,2,1/255,0.45,0.25,pgd,0.0,0.0,0.0,48.12743592262268
yolo11x,000000038048,2,1/255,0.45,0.25,rcp,0.7120272307868594,0.7120272307868594,0.7120272307868594,558.3238681554794
yolo11x,000000038048,2,1/255,0.45,0.25,square_attack,0.70323646068573,0.70323646068573,0.70323646068573,85.87304377555847
yolo11x,000000038048,2,2/255,0.45,0.25,odpv,0.5577894449234009,0.5577894449234009,0.0,53.167213916778564
yolo11x,000000038048,2,2/255,0.45,0.25,pgd,0.0,0.0,0.0,6.759001016616821
yolo11x,000000038048,2,2/255,0.45,0.25,rcp,0.7002935228539696,0.7002935228539696,0.7002935228539696,559.0795586705208
yolo11x,000000038048,2,2/255,0.45,0.25,square_attack,0.6789572834968567,0.6789572834968567,0.0,85.7422404885292
yolo11x,000000038048,3,1/255,0.45,0.25,odpv,0.0,0.0,0.0,0.001455545425415039
yolo11x,000000038048,3,1/255,0.45,0.25,pgd,0.0,0.0,0.0,48.12743592262268
yolo11x,000000038048,3,1/255,0.45,0.25,rcp,0.0,0.0,0.0,558.3238681554794
yolo11x,000000038048,3,1/255,0.45,0.25,square_attack,0.0,0.0,0.0,85.87304377555847
yolo11x,000000038048,3,2/255,0.45,0.25,odpv,0.0,0.0,0.0,0.0018723011016845703
yolo11x,000000038048,3,2/255,0.45,0.25,pgd,0.0,0.0,0.0,6.759001016616821
yolo11x,000000038048,3,2/255,0.45,0.25,rcp,0.0,0.0,0.0,559.0795586705208
yolo11x,000000038048,3,2/255,0.45,0.25,square_attack,0.0,0.0,0.0,85.7422404885292
yolo11x,000000084492,0,1/255,0.45,0.25,odpv,0.9532222151756287,0.9532222151756287,0.9532222151756287,51.64824914932251
yolo11x,000000084492,0,1/255,0.45,0.25,pgd,0.0,0.0,0.0,616.1273555755615
yolo11x,000000084492,0,1/255,0.45,0.25,rcp,0.9702635341562379,0.9702635341562379,0.9702635341562379,447.5844217027937
yolo11x,000000084492,0,1/255,0.45,0.25,square_attack,0.9559699296951294,0.9559699296951294,0.9559699296951294,111.7209736279079
yolo11x,000000084492,0,2/255,0.45,0.25,odpv,0.9492473602294922,0.9492473602294922,0.9492473602294922,51.68170475959778
yolo11x,000000084492,0,2/255,0.45,0.25,pgd,0.0,0.0,0.0,7.164834260940552
yolo11x,000000084492,0,2/255,0.45,0.25,rcp,0.9691638839931174,0.9691638839931174,0.9691638839931174,444.31278368404935
yolo11x,000000084492,0,2/255,0.45,0.25,square_attack,0.9461517930030823,0.9461517930030823,0.9461517930030823,109.34273856026786
yolo11x,000000084492,1,1/255,0.45,0.25,odpv,0.0,0.0,0.0,0.058786869049072266
yolo11x,000000084492,1,1/255,0.45,0.25,pgd,0.0,0.0,0.0,616.1273555755615
yolo11x,000000084492,1,1/255,0.45,0.25,rcp,0.0,0.0,0.0,447.5844217027937
yolo11x,000000084492,1,1/255,0.45,0.25,square_attack,0.0,0.0,0.0,111.7209736279079
yolo11x,000000084492,1,2/255,0.45,0.25,odpv,0.0,0.0,0.0,0.0570223331451416
yolo11x,000000084492,1,2/255,0.45,0.25,pgd,0.0,0.0,0.0,7.164834260940552
yolo11x,000000084492,1,2/255,0.45,0.25,rcp,0.0,0.0,0.0,444.31278368404935
yolo11x,000000084492,1,2/255,0.45,0.25,square_attack,0.0,0.0,0.0,109.34273856026786
yolo11x,000000084492,2,1/255,0.45,0.25,odpv,0.9419261813163757,0.9419261813163757,0.9419261813163757,52.10953664779663
yolo11x,000000084492,2,1/255,0.45,0.25,pgd,0.0,0.0,0.0,616.1273555755615
yolo11x,000000084492,2,1/255,0.45,0.25,rcp,0.9671204512616952,0.9671204512616952,0.9671204512616952,447.5844217027937
yolo11x,000000084492,2,1/255,0.45,0.25,square_attack,0.9572810530662537,0.9572810530662537,0.9572810530662537,111.7209736279079
yolo11x,000000084492,2,2/255,0.45,0.25,odpv,0.941871702671051,0.941871702671051,0.941871702671051,51.92288827896118
yolo11x,000000084492,2,2/255,0.45,0.25,pgd,0.0,0.0,0.0,7.164834260940552
yolo11x,000000084492,2,2/255,0.45,0.25,rcp,0.965343213098032,0.965343213098032,0.965343213098032,444.31278368404935
yolo11x,000000084492,2,2/255,0.45,0.25,square_attack,0.9477530717849731,0.9477530717849731,0.9477530717849731,109.34273856026786
yolo11x,000000084492,3,1/255,0.45,0.25,odpv,0.0,0.0,0.0,0.0025777816772460938
yolo11x,000000084492,3,1/255,0.45,0.25,pgd,0.0,0.0,0.0,616.1273555755615
yolo11x,000000084492,3,1/255,0.45,0.25,rcp,0.0,0.0,0.0,447.5844217027937
yolo11x,000000084492,3,1/255,0.45,0.25,square_attack,0.0,0.0,0.0,111.7209736279079
yolo11x,000000084492,3,2/255,0.45,0.25,odpv,0.0,0.0,0.0,0.0031890869140625
yolo11x,000000084492,3,2/255,0.45,0.25,pgd,0.0,0.0,0.0,7.164834260940552
yolo11x,000000084492,3,2/255,0.45,0.25,rcp,0.0,0.0,0.0,444.31278368404935
yolo11x,000000084492,3,2/255,0.45,0.25,square_attack,0.0,0.0,0.0,109.34273856026786
yolo11x,000000084492,4,1/255,0.45,0.25,odpv,0.815153956413269,0.815153956413269,0.815153956413269,52.58417248725891
yolo11x,000000084492,4,1/255,0.45,0.25,pgd,0.0,0.0,0.0,616.1273555755615
yolo11x,000000084492,4,1/255,0.45,0.25,rcp,0.9434556799241012,0.9434556799241012,0.9434556799241012,447.5844217027937
yolo11x,000000084492,4,1/255,0.45,0.25,square_attack,0.9186353087425232,0.9186353087425232,0.9186353087425232,111.7209736279079
yolo11x,000000084492,4,2/255,0.45,0.25,odpv,0.0,0.0,0.0,0.05290031433105469
yolo11x,000000084492,4,2/255,0.45,0.25,pgd,0.0,0.0,0.0,7.164834260940552
yolo11x,000000084492,4,2/255,0.45,0.25,rcp,0.9344521498518674,0.9344521498518674,0.9344521498518674,444.31278368404935
yolo11x,000000084492,4,2/255,0.45,0.25,square_attack,0.0,0.0,0.0,109.34273856026786
yolo11x,000000084492,5,1/255,0.45,0.25,odpv,0.8339882493019104,0.8339882493019104,0.8339882493019104,52.62797141075134
yolo11x,000000084492,5,1/255,0.45,0.25,pgd,0.0,0.0,0.0,616.1273555755615
yolo11x,000000084492,5,1/255,0.45,0.25,rcp,0.9180349560033618,0.9180349560033618,0.9180349560033618,447.5844217027937
yolo11x,000000084492,5,1/255,0.45,0.25,square_attack,0.8853510618209839,0.8853510618209839,0.8853510618209839,111.7209736279079
yolo11x,000000084492,5,2/255,0.45,0.25,odpv,0.0,0.0,0.0,0.06389594078063965
yolo11x,000000084492,5,2/255,0.45,0.25,pgd,0.0,0.0,0.0,7.164834260940552
yolo11x,000000084492,5,2/255,0.45,0.25,rcp,0.8955418260279061,0.8955418260279061,0.8955418260279061,444.31278368404935
yolo11x,000000084492,5,2/255,0.45,0.25,square_attack,0.8923981189727783,0.8923981189727783,0.8923981189727783,109.34273856026786
yolo11x,000000084492,6,1/255,0.45,0.25,odpv,0.8848026394844055,0.8848026394844055,0.8848026394844055,52.63286209106445
yolo11x,000000084492,6,1/255,0.45,0.25,pgd,0.0,0.0,0.0,616.1273555755615
yolo11x,000000084492,6,1/255,0.45,0.25,rcp,0.9363989001180326,0.9363989001180326,0.9363989001180326,447.5844217027937
yolo11x,000000084492,6,1/255,0.45,0.25,square_attack,0.9294529557228088,0.9294529557228088,0.9294529557228088,111.7209736279079
yolo11x,000000084492,6,2/255,0.45,0.25,odpv,0.8846285939216614,0.8846285939216614,0.8846285939216614,52.22328281402588
yolo11x,000000084492,6,2/255,0.45,0.25,pgd,0.0,0.0,0.0,7.164834260940552
yolo11x,000000084492,6,2/255,0.45,0.25,rcp,0.9342725128323449,0.9342725128323449,0.9342725128323449,444.31278368404935
yolo11x,000000084492,6,2/255,0.45,0.25,square_attack,0.9176214933395386,0.9176214933395386,0.9176214933395386,109.34273856026786
yolo11x,000000191013,0,1/255,0.45,0.25,odpv,0.9480875730514526,0.9480875730514526,0.9480875730514526,52.88180327415466
yolo11x,000000191013,0,1/255,0.45,0.25,pgd,0.0,0.0,0.0,696.2522819042206
yolo11x,000000191013,0,1/255,0.45,0.25,rcp,0.9555929611560005,0.9555929611560005,0.9555929611560005,433.81685304641724
yolo11x,000000191013,0,1/255,0.45,0.25,square_attack,0.9487801194190979,0.9487801194190979,0.9487801194190979,173.93602299690247
yolo11x,000000191013,0,2/255,0.45,0.25,odpv,0.943175196647644,0.943175196647644,0.943175196647644,52.892720460891724
yolo11x,000000191013,0,2/255,0.45,0.25,pgd,0.0,0.0,0.0,71.25120306015015
yolo11x,000000191013,0,2/255,0.45,0.25,rcp,0.9551829927069557,0.9551829927069557,0.9551829927069557,432.131336838007
yolo11x,000000191013,0,2/255,0.45,0.25,square_attack,0.9376398324966431,0.9376398324966431,0.9376398324966431,173.07340291142464
yolo11x,000000191013,1,1/255,0.45,0.25,odpv,0.8442828059196472,0.8442828059196472,0.8442828059196472,54.558536529541016
yolo11x,000000191013,1,1/255,0.45,0.25,pgd,0.704277515411377,0.704277515411377,0.704277515411377,696.2522819042206
yolo11x,000000191013,1,1/255,0.45,0.25,rcp,0.8932694719003598,0.8932694719003598,0.8932694719003598,433.81685304641724
yolo11x,000000191013,1,1/255,0.45,0.25,square_attack,0.8902848958969116,0.8902848958969116,0.8902848958969116,173.93602299690247
yolo11x,000000191013,1,2/255,0.45,0.25,odpv,0.8437734842300415,0.8437734842300415,0.8437734842300415,54.15471339225769
yolo11x,000000191013,1,2/255,0.45,0.25,pgd,0.0,0.0,0.0,71.25120306015015
yolo11x,000000191013,1,2/255,0.45,0.25,rcp,0.8891553162047736,0.8891553162047736,0.8891553162047736,432.131336838007
yolo11x,000000191013,1,2/255,0.45,0.25,square_attack,0.8823540806770325,0.8823540806770325,0.8823540806770325,173.07340291142464
yolo11x,000000191013,2,1/255,0.45,0.25,odpv,0.9461879134178162,0.9461879134178162,0.9461879134178162,55.062227725982666
yolo11x,000000191013,2,1/255,0.45,0.25,pgd,0.9082164764404297,0.9082164764404297,0.9082164764404297,696.2522819042206
yolo11x,000000191013,2,1/255,0.45,0.25,rcp,0.9788932447690912,0.9788932447690912,0.9788932447690912,433.81685304641724
yolo11x,000000191013,2,1/255,0.45,0.25,square_attack,0.9644793272018433,0.9644793272018433,0.9644793272018433,173.93602299690247
yolo11x,000000191013,2,2/255,0.45,0.25,odpv,0.9462296366691589,0.9462296366691589,0.9462296366691589,54.256022453308105
yolo11x,000000191013,2,2/255,0.45,0.25,pgd,0.0,0.0,0.0,71.25120306015015
yolo11x,000000191013,2,2/255,0.45,0.25,rcp,0.9769005687839664,0.9769005687839664,0.9769005687839664,432.131336838007
yolo11x,000000191013,2,2/255,0.45,0.25,square_attack,0.9555116295814514,0.9555116295814514,0.9555116295814514,173.07340291142464
yolo11x,000000191013,3,1/255,0.45,0.25,odpv,0.8580743670463562,0.8580743670463562,0.8580743670463562,52.84448170661926
yolo11x,000000191013,3,1/255,0.45,0.25,pgd,0.0,0.0,0.0,696.2522819042206
yolo11x,000000191013,3,1/255,0.45,0.25,rcp,0.8766277337111877,0.8766277337111877,0.8766277337111877,433.81685304641724
yolo11x,000000191013,3,1/255,0.45,0.25,square_attack,0.869731605052948,0.869731605052948,0.869731605052948,173.93602299690247
yolo11x,000000191013,3,2/255,0.45,0.25,odpv,0.8517183065414429,0.8517183065414429,0.8517183065414429,52.85671377182007
yolo11x,000000191013,3,2/255,0.45,0.25,pgd,0.0,0.0,0.0,71.25120306015015
yolo11x,000000191013,3,2/255,0.45,0.25,rcp,0.8749353277116108,0.8749353277116108,0.8749353277116108,432.131336838007
yolo11x,000000191013,3,2/255,0.45,0.25,square_attack,0.8623664379119873,0.8623664379119873,0.8623664379119873,173.07340291142464
yolo11x,000000191013,4,1/255,0.45,0.25,odpv,0.7852705121040344,0.7852705121040344,0.7852705121040344,53.27003359794617
yolo11x,000000191013,4,1/255,0.45,0.25,pgd,0.0,0.0,0.0,696.2522819042206
yolo11x,000000191013,4,1/255,0.45,0.25,rcp,0.9056484661085068,0.9056484661085068,0.9056484661085068,433.81685304641724
yolo11x,000000191013,4,1/255,0.45,0.25,square_attack,0.8913277387619019,0.8913277387619019,0.8913277387619019,173.93602299690247
yolo11x,000000191013,4,2/255,0.45,0.25,odpv,0.7626324892044067,0.7626324892044067,0.7626324892044067,53.21514892578125
yolo11x,000000191013,4,2/255,0.45,0.25,pgd,0.0,0.0,0.0,71.25120306015015
yolo11x,000000191013,4,2/255,0.45,0.25,rcp,0.8890390321131798,0.8890390321131798,0.8890390321131798,432.131336838007
yolo11x,000000191013,4,2/255,0.45,0.25,square_attack,0.8716918230056763,0.8716918230056763,0.8716918230056763,173.07340291142464
yolo11x,000000191013,5,1/255,0.45,0.25,odpv,0.7179356813430786,0.7179356813430786,0.7179356813430786,54.684675216674805
yolo11x,000000191013,5,1/255,0.45,0.25,pgd,0.0,0.0,0.0,696.2522819042206
yolo11x,000000191013,5,1/255,0.45,0.25,rcp,0.7413891601206516,0.7413891601206516,0.7413891601206516,433.81685304641724
yolo11x,000000191013,5,1/255,0.45,0.25,square_attack,0.7648194432258606,0.7648194432258606,0.7648194432258606,173.93602299690247
yolo11x,000000191013,5,2/255,0.45,0.25,odpv,0.6889809370040894,0.6889809370040894,0.0,54.24642825126648
yolo11x,000000191013,5,2/255,0.45,0.25,pgd,0.0,0.0,0.0,71.25120306015015
yolo11x,000000191013,5,2/255,0.45,0.25,rcp,0.7261916262857717,0.7261916262857717,0.7261916262857717,432.131336838007
yolo11x,000000191013,5,2/255,0.45,0.25,square_attack,0.7109435200691223,0.7109435200691223,0.7109435200691223,173.07340291142464
yolo11x,000000191013,6,1/255,0.45,0.25,odpv,0.571219801902771,0.571219801902771,0.0,53.05839681625366
yolo11x,000000191013,6,1/255,0.45,0.25,pgd,0.0,0.0,0.0,696.2522819042206
yolo11x,000000191013,6,1/255,0.45,0.25,rcp,0.783091518610546,0.783091518610546,0.783091518610546,433.81685304641724
yolo11x,000000191013,6,1/255,0.45,0.25,square_attack,0.7677232027053833,0.7677232027053833,0.7677232027053833,173.93602299690247
yolo11x,000000191013,6,2/255,0.45,0.25,odpv,0.6652092337608337,0.6652092337608337,0.0,53.013299226760864
yolo11x,000000191013,6,2/255,0.45,0.25,pgd,0.0,0.0,0.0,71.25120306015015
yolo11x,000000191013,6,2/255,0.45,0.25,rcp,0.7651833570300535,0.7651833570300535,0.7651833570300535,432.131336838007
yolo11x,000000191013,6,2/255,0.45,0.25,square_attack,0.7621962428092957,0.7621962428092957,0.7621962428092957,173.07340291142464
yolo11x,000000191013,7,1/255,0.45,0.25,odpv,0.8894135355949402,0.8894135355949402,0.8894135355949402,54.23160409927368
yolo11x,000000191013,7,1/255,0.45,0.25,pgd,0.11510525643825531,0.0,0.0,696.2522819042206
yolo11x,000000191013,7,1/255,0.45,0.25,rcp,0.9531370113606858,0.9531370113606858,0.9531370113606858,433.81685304641724
yolo11x,000000191013,7,1/255,0.45,0.25,square_attack,0.952471137046814,0.952471137046814,0.952471137046814,173.93602299690247
yolo11x,000000191013,7,2/255,0.45,0.25,odpv,0.0,0.0,0.0,0.1871798038482666
yolo11x,000000191013,7,2/255,0.45,0.25,pgd,0.0,0.0,0.0,71.25120306015015
yolo11x,000000191013,7,2/255,0.45,0.25,rcp,0.949230904708978,0.949230904708978,0.949230904708978,432.131336838007
yolo11x,000000191013,7,2/255,0.45,0.25,square_attack,0.9275054931640625,0.9275054931640625,0.9275054931640625,173.07340291142464
yolo11x,000000263463,0,1/255,0.45,0.25,odpv,0.8620207905769348,0.8620207905769348,0.8620207905769348,53.49065041542053
yolo11x,000000263463,0,1/255,0.45,0.25,pgd,0.0,0.0,0.0,1.6336841583251953
yolo11x,000000263463,0,1/255,0.45,0.25,rcp,0.9031613004692876,0.9031613004692876,0.9031613004692876,789.3573425412178
yolo11x,000000263463,0,1/255,0.45,0.25,square_attack,0.8290209174156189,0.8290209174156189,0.8290209174156189,43.54139173030853
yolo11x,000000263463,0,2/255,0.45,0.25,odpv,0.8283888101577759,0.8283888101577759,0.8283888101577759,53.60054898262024
yolo11x,000000263463,0,2/255,0.45,0.25,pgd,0.0,0.0,0.0,1.4264557361602783
yolo11x,000000263463,0,2/255,0.45,0.25,rcp,0.8936314002291595,0.8936314002291595,0.8936314002291595,787.0649924874306
yolo11x,000000263463,0,2/255,0.45,0.25,square_attack,0.7794855833053589,0.7794855833053589,0.7794855833053589,43.36201536655426
yolo11x,000000263463,1,1/255,0.45,0.25,odpv,0.0,0.0,0.0,0.0013051033020019531
yolo11x,000000263463,1,1/255,0.45,0.25,pgd,0.0,0.0,0.0,1.6336841583251953
yolo11x,000000263463,1,1/255,0.45,0.25,rcp,0.0,0.0,0.0,789.3573425412178
yolo11x,000000263463,1,1/255,0.45,0.25,square_attack,0.0,0.0,0.0,43.54139173030853
yolo11x,000000263463,1,2/255,0.45,0.25,odpv,0.0,0.0,0.0,0.001565694808959961
yolo11x,000000263463,1,2/255,0.45,0.25,pgd,0.0,0.0,0.0,1.4264557361602783
yolo11x,000000263463,1,2/255,0.45,0.25,rcp,0.0,0.0,0.0,787.0649924874306
yolo11x,000000263463,1,2/255,0.45,0.25,square_attack,0.0,0.0,0.0,43.36201536655426
yolo11x,000000263463,2,1/255,0.45,0.25,odpv,0.0,0.0,0.0,0.0011458396911621094
yolo11x,000000263463,2,1/255,0.45,0.25,pgd,0.0,0.0,0.0,1.6336841583251953
yolo11x,000000263463,2,1/255,0.45,0.25,rcp,0.0,0.0,0.0,789.3573425412178
yolo11x,000000263463,2,1/255,0.45,0.25,square_attack,0.0,0.0,0.0,43.54139173030853
yolo11x,000000263463,2,2/255,0.45,0.25,odpv,0.0,0.0,0.0,0.0014176368713378906
yolo11x,000000263463,2,2/255,0.45,0.25,pgd,0.0,0.0,0.0,1.4264557361602783
yolo11x,000000263463,2,2/255,0.45,0.25,rcp,0.0,0.0,0.0,787.0649924874306
yolo11x,000000263463,2,2/255,0.45,0.25,square_attack,0.0,0.0,0.0,43.36201536655426
yolo11x,000000263463,3,1/255,0.45,0.25,odpv,0.0,0.0,0.0,0.0010988712310791016
yolo11x,000000263463,3,1/255,0.45,0.25,pgd,0.0,0.0,0.0,1.6336841583251953
yolo11x,000000263463,3,1/255,0.45,0.25,rcp,0.0,0.0,0.0,789.3573425412178
yolo11x,000000263463,3,1/255,0.45,0.25,square_attack,0.0,0.0,0.0,43.54139173030853
yolo11x,000000263463,3,2/255,0.45,0.25,odpv,0.0,0.0,0.0,0.0013709068298339844
yolo11x,000000263463,3,2/255,0.45,0.25,pgd,0.0,0.0,0.0,1.4264557361602783
yolo11x,000000263463,3,2/255,0.45,0.25,rcp,0.0,0.0,0.0,787.0649924874306
yolo11x,000000263463,3,2/255,0.45,0.25,square_attack,0.0,0.0,0.0,43.36201536655426
yolo11x,000000365207,0,1/255,0.45,0.25,odpv,0.8237910270690918,0.8237910270690918,0.8237910270690918,51.756386041641235
yolo11x,000000365207,0,1/255,0.45,0.25,pgd,0.0,0.0,0.0,254.30571961402893
yolo11x,000000365207,0,1/255,0.45,0.25,rcp,0.8458529670951825,0.8458529670951825,0.8458529670951825,806.386329460144
yolo11x,000000365207,0,1/255,0.45,0.25,square_attack,0.8162441849708557,0.8162441849708557,0.8162441849708557,138.59692616462706
yolo11x,000000365207,0,2/255,0.45,0.25,odpv,0.8090516924858093,0.8090516924858093,0.8090516924858093,93.84223866462708
yolo11x,000000365207,0,2/255,0.45,0.25,pgd,0.0,0.0,0.0,3.9419498443603516
yolo11x,000000365207,0,2/255,0.45,0.25,rcp,0.8408088778175897,0.8408088778175897,0.8408088778175897,809.9406833171845
yolo11x,000000365207,0,2/255,0.45,0.25,square_attack,0.7992304563522339,0.7992304563522339,0.7992304563522339,125.18036546707154
yolo11x,000000365207,1,1/255,0.45,0.25,odpv,0.9599947929382324,0.9599947929382324,0.9599947929382324,53.32546329498291
yolo11x,000000365207,1,1/255,0.45,0.25,pgd,0.0,0.0,0.0,254.30571961402893
yolo11x,000000365207,1,1/255,0.45,0.25,rcp,0.9778639394388922,0.9778639394388922,0.9778639394388922,806.386329460144
yolo11x,000000365207,1,1/255,0.45,0.25,square_attack,0.9633438587188721,0.9633438587188721,0.9633438587188721,138.59692616462706
yolo11x,000000365207,1,2/255,0.45,0.25,odpv,0.9507322907447815,0.9507322907447815,0.9507322907447815,97.71952605247498
yolo11x,000000365207,1,2/255,0.45,0.25,pgd,0.0,0.0,0.0,3.9419498443603516
yolo11x,000000365207,1,2/255,0.45,0.25,rcp,0.9758542315334995,0.9758542315334995,0.9758542315334995,809.9406833171845
yolo11x,000000365207,1,2/255,0.45,0.25,square_attack,0.9341786503791809,0.9341786503791809,0.9341786503791809,125.18036546707154
yolo11x,000000365207,2,1/255,0.45,0.25,odpv,0.8952975273132324,0.8952975273132324,0.8952975273132324,53.178810834884644
yolo11x,000000365207,2,1/255,0.45,0.25,pgd,0.0,0.0,0.0,254.30571961402893
yolo11x,000000365207,2,1/255,0.45,0.25,rcp,0.912422309231908,0.912422309231908,0.912422309231908,806.386329460144
yolo11x,000000365207,2,1/255,0.45,0.25,square_attack,0.7365533113479614,0.7365533113479614,0.7365533113479614,138.59692616462706
yolo11x,000000365207,2,2/255,0.45,0.25,odpv,0.8741732835769653,0.8741732835769653,0.8741732835769653,99.45380163192749
yolo11x,000000365207,2,2/255,0.45,0.25,pgd,0.0,0.0,0.0,3.9419498443603516
yolo11x,000000365207,2,2/255,0.45,0.25,rcp,0.8948815988618614,0.8948815988618614,0.8948815988618614,809.9406833171845
yolo11x,000000365207,2,2/255,0.45,0.25,square_attack,0.6912217140197754,0.6912217140197754,0.0,125.18036546707154
yolo11x,000000365207,3,1/255,0.45,0.25,odpv,0.0,0.0,0.0,0.0018608570098876953
yolo11x,000000365207,3,1/255,0.45,0.25,pgd,0.0,0.0,0.0,254.30571961402893
yolo11x,000000365207,3,1/255,0.45,0.25,rcp,0.0,0.0,0.0,806.386329460144
yolo11x,000000365207,3,1/255,0.45,0.25,square_attack,0.0,0.0,0.0,138.59692616462706
yolo11x,000000365207,3,2/255,0.45,0.25,odpv,0.0,0.0,0.0,0.0016760826110839844
yolo11x,000000365207,3,2/255,0.45,0.25,pgd,0.0,0.0,0.0,3.9419498443603516
yolo11x,000000365207,3,2/255,0.45,0.25,rcp,0.0,0.0,0.0,809.9406833171845
yolo11x,000000365207,3,2/255,0.45,0.25,square_attack,0.0,0.0,0.0,125.18036546707154
yolo11x,000000365207,4,1/255,0.45,0.25,odpv,0.8260030746459961,0.8260030746459961,0.8260030746459961,52.9033362865448
yolo11x,000000365207,4,1/255,0.45,0.25,pgd,0.0,0.0,0.0,254.30571961402893
yolo11x,000000365207,4,1/255,0.45,0.25,rcp,0.8852991671404411,0.8852991671404411,0.8852991671404411,806.386329460144
yolo11x,000000365207,4,1/255,0.45,0.25,square_attack,0.8192541599273682,0.8192541599273682,0.8192541599273682,138.59692616462706
yolo11x,000000365207,4,2/255,0.45,0.25,odpv,0.7926315069198608,0.7926315069198608,0.7926315069198608,99.10575866699219
yolo11x,000000365207,4,2/255,0.45,0.25,pgd,0.0,0.0,0.0,3.9419498443603516
yolo11x,000000365207,4,2/255,0.45,0.25,rcp,0.8648082356805685,0.8648082356805685,0.8648082356805685,809.9406833171845
yolo11x,000000365207,4,2/255,0.45,0.25,square_attack,0.8085771203041077,0.8085771203041077,0.8085771203041077,125.18036546707154
yolo11x,000000393093,0,1/255,0.45,0.25,odpv,0.8876518607139587,0.8876518607139587,0.8876518607139587,54.36396265029907
yolo11x,000000393093,0,1/255,0.45,0.25,pgd,0.0,0.0,0.0,711.3107192516327
yolo11x,000000393093,0,1/255,0.45,0.25,rcp,0.9296366444185099,0.9296366444185099,0.9296366444185099,359.73318070835535
yolo11x,000000393093,0,1/255,0.45,0.25,square_attack,0.9067952036857605,0.9067952036857605,0.9067952036857605,159.44544100761414
yolo11x,000000393093,0,2/255,0.45,0.25,odpv,0.8469743132591248,0.8469743132591248,0.8469743132591248,53.72232699394226
yolo11x,000000393093,0,2/255,0.45,0.25,pgd,0.0,0.0,0.0,48.263317346572876
yolo11x,000000393093,0,2/255,0.45,0.25,rcp,0.9246106797280947,0.9246106797280947,0.9246106797280947,360.0169871118334
yolo11x,000000393093,0,2/255,0.45,0.25,square_attack,0.90200275182724,0.90200275182724,0.90200275182724,176.85714999834696
yolo11x,000000393093,1,1/255,0.45,0.25,odpv,0.8478976488113403,0.8478976488113403,0.8478976488113403,54.739949226379395
yolo11x,000000393093,1,1/255,0.45,0.25,pgd,0.0,0.0,0.0,711.3107192516327
yolo11x,000000393093,1,1/255,0.45,0.25,rcp,0.8996208351149633,0.8996208351149633,0.8996208351149633,359.73318070835535
yolo11x,000000393093,1,1/255,0.45,0.25,square_attack,0.8789480328559875,0.8789480328559875,0.8789480328559875,159.44544100761414
yolo11x,000000393093,1,2/255,0.45,0.25,odpv,0.6968777775764465,0.6968777775764465,0.0,54.29301595687866
yolo11x,000000393093,1,2/255,0.45,0.25,pgd,0.0,0.0,0.0,48.263317346572876
yolo11x,000000393093,1,2/255,0.45,0.25,rcp,0.883446741905886,0.883446741905886,0.883446741905886,360.0169871118334
yolo11x,000000393093,1,2/255,0.45,0.25,square_attack,0.8038471937179565,0.8038471937179565,0.8038471937179565,176.85714999834696
yolo11x,000000393093,2,1/255,0.45,0.25,odpv,0.8598632216453552,0.8598632216453552,0.8598632216453552,54.99031639099121
yolo11x,000000393093,2,1/255,0.45,0.25,pgd,0.0,0.0,0.0,711.3107192516327
yolo11x,000000393093,2,1/255,0.45,0.25,rcp,0.9422656074117965,0.9422656074117965,0.9422656074117965,359.73318070835535
yolo11x,000000393093,2,1/255,0.45,0.25,square_attack,0.9357306361198425,0.9357306361198425,0.9357306361198425,159.44544100761414
yolo11x,000000393093,2,2/255,0.45,0.25,odpv,0.853346049785614,0.853346049785614,0.853346049785614,52.94950890541077
yolo11x,000000393093,2,2/255,0.45,0.25,pgd,0.0,0.0,0.0,48.263317346572876
yolo11x,000000393093,2,2/255,0.45,0.25,rcp,0.9360647048386356,0.9360647048386356,0.9360647048386356,360.0169871118334
yolo11x,000000393093,2,2/255,0.45,0.25,square_attack,0.9241839647293091,0.9241839647293091,0.9241839647293091,176.85714999834696
yolo11x,000000393093,3,1/255,0.45,0.25,odpv,0.8092330098152161,0.8092330098152161,0.8092330098152161,50.72949934005737
yolo11x,000000393093,3,1/255,0.45,0.25,pgd,0.0,0.0,0.0,711.3107192516327
yolo11x,000000393093,3,1/255,0.45,0.25,rcp,0.8422782543619097,0.8422782543619097,0.8422782543619097,359.73318070835535
yolo11x,000000393093,3,1/255,0.45,0.25,square_attack,0.7792796492576599,0.7792796492576599,0.7792796492576599,159.44544100761414
yolo11x,000000393093,3,2/255,0.45,0.25,odpv,0.7752155065536499,0.7752155065536499,0.7752155065536499,52.01443028450012
yolo11x,000000393093,3,2/255,0.45,0.25,pgd,0.0,0.0,0.0,48.263317346572876
yolo11x,000000393093,3,2/255,0.45,0.25,rcp,0.8259461439962944,0.8259461439962944,0.8259461439962944,360.0169871118334
yolo11x,000000393093,3,2/255,0.45,0.25,square_attack,0.7099795937538147,0.7099795937538147,0.7099795937538147,176.85714999834696
yolo11x,000000393093,4,1/255,0.45,0.25,odpv,0.9428702592849731,0.9428702592849731,0.9428702592849731,50.89756679534912
yolo11x,000000393093,4,1/255,0.45,0.25,pgd,0.0,0.0,0.0,711.3107192516327
yolo11x,000000393093,4,1/255,0.45,0.25,rcp,0.9678596877148614,0.9678596877148614,0.9678596877148614,359.73318070835535
yolo11x,000000393093,4,1/255,0.45,0.25,square_attack,0.9637026190757751,0.9637026190757751,0.9637026190757751,159.44544100761414
yolo11x,000000393093,4,2/255,0.45,0.25,odpv,0.8925992846488953,0.8925992846488953,0.8925992846488953,52.24437403678894
yolo11x,000000393093,4,2/255,0.45,0.25,pgd,0.0,0.0,0.0,48.263317346572876
yolo11x,000000393093,4,2/255,0.45,0.25,rcp,0.9638364077510384,0.9638364077510384,0.9638364077510384,360.0169871118334
yolo11x,000000393093,4,2/255,0.45,0.25,square_attack,0.9400993585586548,0.9400993585586548,0.9400993585586548,176.85714999834696
yolo11x,000000393093,5,1/255,0.45,0.25,odpv,0.7807710766792297,0.7807710766792297,0.7807710766792297,53.414716720581055
yolo11x,000000393093,5,1/255,0.45,0.25,pgd,0.0,0.0,0.0,711.3107192516327
yolo11x,000000393093,5,1/255,0.45,0.25,rcp,0.8734074309864143,0.8734074309864143,0.8734074309864143,359.73318070835535
yolo11x,000000393093,5,1/255,0.45,0.25,square_attack,0.8540009260177612,0.8540009260177612,0.8540009260177612,159.44544100761414
yolo11x,000000393093,5,2/255,0.45,0.25,odpv,0.0,0.0,0.0,0.22188019752502441
yolo11x,000000393093,5,2/255,0.45,0.25,pgd,0.0,0.0,0.0,48.263317346572876
yolo11x,000000393093,5,2/255,0.45,0.25,rcp,0.8637099632779195,0.8637099632779195,0.8637099632779195,360.0169871118334
yolo11x,000000393093,5,2/255,0.45,0.25,square_attack,0.8228036761283875,0.8228036761283875,0.8228036761283875,176.85714999834696
yolo11x,000000393093,6,1/255,0.45,0.25,odpv,0.8089781999588013,0.8089781999588013,0.8089781999588013,53.55256175994873
yolo11x,000000393093,6,1/255,0.45,0.25,pgd,0.0,0.0,0.0,711.3107192516327
yolo11x,000000393093,6,1/255,0.45,0.25,rcp,0.9114751154098235,0.9114751154098235,0.9114751154098235,359.73318070835535
yolo11x,000000393093,6,1/255,0.45,0.25,square_attack,0.8999651670455933,0.8999651670455933,0.8999651670455933,159.44544100761414
yolo11x,000000393093,6,2/255,0.45,0.25,odpv,0.7419871091842651,0.7419871091842651,0.7419871091842651,52.35185670852661
yolo11x,000000393093,6,2/255,0.45,0.25,pgd,0.0,0.0,0.0,48.263317346572876
yolo11x,000000393093,6,2/255,0.45,0.25,rcp,0.8890696711511734,0.8890696711511734,0.8890696711511734,360.0169871118334
yolo11x,000000393093,6,2/255,0.45,0.25,square_attack,0.8742598295211792,0.8742598295211792,0.8742598295211792,176.85714999834696
yolo11x,000000393093,7,1/255,0.45,0.25,odpv,0.8185882568359375,0.8185882568359375,0.8185882568359375,54.87899827957153
yolo11x,000000393093,7,1/255,0.45,0.25,pgd,0.0,0.0,0.0,711.3107192516327
yolo11x,000000393093,7,1/255,0.45,0.25,rcp,0.9213870821556004,0.9213870821556004,0.9213870821556004,359.73318070835535
yolo11x,000000393093,7,1/255,0.45,0.25,square_attack,0.9128279089927673,0.9128279089927673,0.9128279089927673,159.44544100761414
yolo11x,000000393093,7,2/255,0.45,0.25,odpv,0.7377484440803528,0.7377484440803528,0.7377484440803528,54.067076683044434
yolo11x,000000393093,7,2/255,0.45,0.25,pgd,0.0,0.0,0.0,48.263317346572876
yolo11x,000000393093,7,2/255,0.45,0.25,rcp,0.9120431881670383,0.9120431881670383,0.9120431881670383,360.0169871118334
yolo11x,000000393093,7,2/255,0.45,0.25,square_attack,0.8805054426193237,0.8805054426193237,0.8805054426193237,176.85714999834696
yolo11x,000000393093,8,1/255,0.45,0.25,odpv,0.8063508868217468,0.8063508868217468,0.8063508868217468,51.634860038757324
yolo11x,000000393093,8,1/255,0.45,0.25,pgd,0.0,0.0,0.0,711.3107192516327
yolo11x,000000393093,8,1/255,0.45,0.25,rcp,0.9085869430924248,0.9085869430924248,0.9085869430924248,359.73318070835535
yolo11x,000000393093,8,1/255,0.45,0.25,square_attack,0.8817154169082642,0.8817154169082642,0.8817154169082642,159.44544100761414
yolo11x,000000393093,8,2/255,0.45,0.25,odpv,0.0,0.0,0.0,0.21340155601501465
yolo11x,000000393093,8,2/255,0.45,0.25,pgd,0.0,0.0,0.0,48.263317346572876
yolo11x,000000393093,8,2/255,0.45,0.25,rcp,0.8815506378070616,0.8815506378070616,0.8815506378070616,360.0169871118334
yolo11x,000000393093,8,2/255,0.45,0.25,square_attack,0.8412948846817017,0.8412948846817017,0.8412948846817017,176.85714999834696
yolo11x,000000430048,0,1/255,0.45,0.25,odpv,0.6864684820175171,0.6864684820175171,0.0,53.24076843261719
yolo11x,000000430048,0,1/255,0.45,0.25,pgd,0.0,0.0,0.0,3.56082820892334
yolo11x,000000430048,0,1/255,0.45,0.25,rcp,0.7142772058001214,0.7142772058001214,0.7142772058001214,1384.676421403885
yolo11x,000000430048,0,1/255,0.45,0.25,square_attack,0.6879493594169617,0.6879493594169617,0.0,85.98381280899048
yolo11x,000000430048,0,2/255,0.45,0.25,odpv,0.6597526669502258,0.6597526669502258,0.0,53.06917595863342
yolo11x,000000430048,0,2/255,0.45,0.25,pgd,0.0,0.0,0.0,2.690382242202759
yolo11x,000000430048,0,2/255,0.45,0.25,rcp,0.7090014942173134,0.7090014942173134,0.7090014942173134,1383.8435702323914
yolo11x,000000430048,0,2/255,0.45,0.25,square_attack,0.6635972857475281,0.6635972857475281,0.0,78.04062521457672
yolo11x,000000430048,1,1/255,0.45,0.25,odpv,0.0,0.0,0.0,0.001058340072631836
yolo11x,000000430048,1,1/255,0.45,0.25,pgd,0.0,0.0,0.0,3.56082820892334
yolo11x,000000430048,1,1/255,0.45,0.25,rcp,0.0,0.0,0.0,1384.676421403885
yolo11x,000000430048,1,1/255,0.45,0.25,square_attack,0.0,0.0,0.0,85.98381280899048
yolo11x,000000430048,1,2/255,0.45,0.25,odpv,0.0,0.0,0.0,0.0014598369598388672
yolo11x,000000430048,1,2/255,0.45,0.25,pgd,0.0,0.0,0.0,2.690382242202759
yolo11x,000000430048,1,2/255,0.45,0.25,rcp,0.0,0.0,0.0,1383.8435702323914
yolo11x,000000430048,1,2/255,0.45,0.25,square_attack,0.0,0.0,0.0,78.04062521457672
yolo11x,000000449312,0,1/255,0.45,0.25,odpv,0.9447008371353149,0.9447008371353149,0.9447008371353149,51.64002323150635
yolo11x,000000449312,0,1/255,0.45,0.25,pgd,0.0,0.0,0.0,4.040656566619873
yolo11x,000000449312,0,1/255,0.45,0.25,rcp,0.9477988489692103,0.9477988489692103,0.9477988489692103,820.7141908168793
yolo11x,000000449312,0,1/255,0.45,0.25,square_attack,0.9435228109359741,0.9435228109359741,0.9435228109359741,32.367614078521726
yolo11x,000000449312,0,2/255,0.45,0.25,odpv,0.9432507157325745,0.9432507157325745,0.9432507157325745,53.36417770385742
yolo11x,000000449312,0,2/255,0.45,0.25,pgd,0.0,0.0,0.0,6.527239799499512
yolo11x,000000449312,0,2/255,0.45,0.25,rcp,0.9470083467666797,0.9470083467666797,0.9470083467666797,834.4282378196716
yolo11x,000000449312,0,2/255,0.45,0.25,square_attack,0.8840919733047485,0.8840919733047485,0.8840919733047485,34.51689829826355
yolo11x,000000449312,1,1/255,0.45,0.25,odpv,0.0,0.0,0.0,0.0016257762908935547
yolo11x,000000449312,1,1/255,0.45,0.25,pgd,0.0,0.0,0.0,4.040656566619873
yolo11x,000000449312,1,1/255,0.45,0.25,rcp,0.6030335729640531,0.6030335729640531,0.0,820.7141908168793
yolo11x,000000449312,1,1/255,0.45,0.25,square_attack,0.0,0.0,0.0,32.367614078521726
yolo11x,000000449312,1,2/255,0.45,0.25,odpv,0.0,0.0,0.0,0.003189563751220703
yolo11x,000000449312,1,2/255,0.45,0.25,pgd,0.0,0.0,0.0,6.527239799499512
yolo11x,000000449312,1,2/255,0.45,0.25,rcp,0.6024210373078416,0.6024210373078416,0.0,834.4282378196716
yolo11x,000000449312,1,2/255,0.45,0.25,square_attack,0.0,0.0,0.0,34.51689829826355
yolo11x,000000449312,2,1/255,0.45,0.25,odpv,0.0,0.0,0.0,0.001499176025390625
yolo11x,000000449312,2,1/255,0.45,0.25,pgd,0.0,0.0,0.0,4.040656566619873
yolo11x,000000449312,2,1/255,0.45,0.25,rcp,0.0,0.0,0.0,820.7141908168793
yolo11x,000000449312,2,1/255,0.45,0.25,square_attack,0.0,0.0,0.0,32.367614078521726
yolo11x,000000449312,2,2/255,0.45,0.25,odpv,0.0,0.0,0.0,0.002966165542602539
yolo11x,000000449312,2,2/255,0.45,0.25,pgd,0.0,0.0,0.0,6.527239799499512
yolo11x,000000449312,2,2/255,0.45,0.25,rcp,0.0,0.0,0.0,834.4282378196716
yolo11x,000000449312,2,2/255,0.45,0.25,square_attack,0.0,0.0,0.0,34.51689829826355
yolo11x,000000449312,3,1/255,0.45,0.25,odpv,0.0,0.0,0.0,0.001386404037475586
yolo11x,000000449312,3,1/255,0.45,0.25,pgd,0.0,0.0,0.0,4.040656566619873
yolo11x,000000449312,3,1/255,0.45,0.25,rcp,0.0,0.0,0.0,820.7141908168793
yolo11x,000000449312,3,1/255,0.45,0.25,square_attack,0.0,0.0,0.0,32.367614078521726
yolo11x,000000449312,3,2/255,0.45,0.25,odpv,0.0,0.0,0.0,0.0027446746826171875
yolo11x,000000449312,3,2/255,0.45,0.25,pgd,0.0,0.0,0.0,6.527239799499512
yolo11x,000000449312,3,2/255,0.45,0.25,rcp,0.0,0.0,0.0,834.4282378196716
yolo11x,000000449312,3,2/255,0.45,0.25,square_attack,0.0,0.0,0.0,34.51689829826355
yolo11x,000000449312,4,1/255,0.45,0.25,odpv,0.0,0.0,0.0,0.0013911724090576172
yolo11x,000000449312,4,1/255,0.45,0.25,pgd,0.0,0.0,0.0,4.040656566619873
yolo11x,000000449312,4,1/255,0.45,0.25,rcp,0.0,0.0,0.0,820.7141908168793
yolo11x,000000449312,4,1/255,0.45,0.25,square_attack,0.0,0.0,0.0,32.367614078521726
yolo11x,000000449312,4,2/255,0.45,0.25,odpv,0.0,0.0,0.0,0.002733469009399414
yolo11x,000000449312,4,2/255,0.45,0.25,pgd,0.0,0.0,0.0,6.527239799499512
yolo11x,000000449312,4,2/255,0.45,0.25,rcp,0.0,0.0,0.0,834.4282378196716
yolo11x,000000449312,4,2/255,0.45,0.25,square_attack,0.0,0.0,0.0,34.51689829826355
yolo11x,000000567197,0,1/255,0.45,0.25,odpv,0.0,0.0,0.0,0.15619874000549316
yolo11x,000000567197,0,1/255,0.45,0.25,pgd,0.0,0.0,0.0,127.39221954345703
yolo11x,000000567197,0,1/255,0.45,0.25,rcp,0.7375995164356735,0.7375995164356735,0.7375995164356735,356.2510214381748
yolo11x,000000567197,0,1/255,0.45,0.25,square_attack,0.6988858580589294,0.6988858580589294,0.0,59.05747731526693
yolo11x,000000567197,0,2/255,0.45,0.25,odpv,0.0,0.0,0.0,0.2131199836730957
yolo11x,000000567197,0,2/255,0.45,0.25,pgd,0.0,0.0,0.0,3.631147861480713
yolo11x,000000567197,0,2/255,0.45,0.25,rcp,0.7299794289677786,0.7299794289677786,0.7299794289677786,351.90089461538525
yolo11x,000000567197,0,2/255,0.45,0.25,square_attack,0.6616291403770447,0.6616291403770447,0.0,37.45557811525133
yolo11x,000000567197,1,1/255,0.45,0.25,odpv,0.0,0.0,0.0,0.0028448104858398438
yolo11x,000000567197,1,1/255,0.45,0.25,pgd,0.0,0.0,0.0,127.39221954345703
yolo11x,000000567197,1,1/255,0.45,0.25,rcp,0.0,0.0,0.0,356.2510214381748
yolo11x,000000567197,1,1/255,0.45,0.25,square_attack,0.0,0.0,0.0,59.05747731526693
yolo11x,000000567197,1,2/255,0.45,0.25,odpv,0.0,0.0,0.0,0.0036509037017822266
yolo11x,000000567197,1,2/255,0.45,0.25,pgd,0.0,0.0,0.0,3.631147861480713
yolo11x,000000567197,1,2/255,0.45,0.25,rcp,0.0,0.0,0.0,351.90089461538525
yolo11x,000000567197,1,2/255,0.45,0.25,square_attack,0.0,0.0,0.0,37.45557811525133
yolo11x,000000567197,2,1/255,0.45,0.25,odpv,0.8884666562080383,0.8884666562080383,0.8884666562080383,53.91327428817749
yolo11x,000000567197,2,1/255,0.45,0.25,pgd,0.0,0.0,0.0,127.39221954345703
yolo11x,000000567197,2,1/255,0.45,0.25,rcp,0.9198335008614305,0.9198335008614305,0.9198335008614305,356.2510214381748
yolo11x,000000567197,2,1/255,0.45,0.25,square_attack,0.8786053657531738,0.8786053657531738,0.8786053657531738,59.05747731526693
yolo11x,000000567197,2,2/255,0.45,0.25,odpv,0.7269120216369629,0.7269120216369629,0.7269120216369629,52.911060094833374
yolo11x,000000567197,2,2/255,0.45,0.25,pgd,0.0,0.0,0.0,3.631147861480713
yolo11x,000000567197,2,2/255,0.45,0.25,rcp,0.9129600953420185,0.9129600953420185,0.9129600953420185,351.90089461538525
yolo11x,000000567197,2,2/255,0.45,0.25,square_attack,0.8290830254554749,0.8290830254554749,0.8290830254554749,37.45557811525133
yolo11x,000000567197,3,1/255,0.45,0.25,odpv,0.0,0.0,0.0,0.0031740665435791016
yolo11x,000000567197,3,1/255,0.45,0.25,pgd,0.0,0.0,0.0,127.39221954345703
yolo11x,000000567197,3,1/255,0.45,0.25,rcp,0.0,0.0,0.0,356.2510214381748
yolo11x,000000567197,3,1/255,0.45,0.25,square_attack,0.0,0.0,0.0,59.05747731526693
yolo11x,000000567197,3,2/255,0.45,0.25,odpv,0.0,0.0,0.0,0.0039331912994384766
yolo11x,000000567197,3,2/255,0.45,0.25,pgd,0.0,0.0,0.0,3.631147861480713
yolo11x,000000567197,3,2/255,0.45,0.25,rcp,0.0,0.0,0.0,351.90089461538525
yolo11x,000000567197,3,2/255,0.45,0.25,square_attack,0.0,0.0,0.0,37.45557811525133
yolo11x,000000567197,4,1/255,0.45,0.25,odpv,0.0,0.0,0.0,0.0028357505798339844
yolo11x,000000567197,4,1/255,0.45,0.25,pgd,0.0,0.0,0.0,127.39221954345703
yolo11x,000000567197,4,1/255,0.45,0.25,rcp,0.0,0.0,0.0,356.2510214381748
yolo11x,000000567197,4,1/255,0.45,0.25,square_attack,0.0,0.0,0.0,59.05747731526693
yolo11x,000000567197,4,2/255,0.45,0.25,odpv,0.0,0.0,0.0,0.0035026073455810547
yolo11x,000000567197,4,2/255,0.45,0.25,pgd,0.0,0.0,0.0,3.631147861480713
yolo11x,000000567197,4,2/255,0.45,0.25,rcp,0.0,0.0,0.0,351.90089461538525
yolo11x,000000567197,4,2/255,0.45,0.25,square_attack,0.0,0.0,0.0,37.45557811525133
yolo11x,000000567197,5,1/255,0.45,0.25,odpv,0.0,0.0,0.0,0.002774477005004883
yolo11x,000000567197,5,1/255,0.45,0.25,pgd,0.0,0.0,0.0,127.39221954345703
yolo11x,000000567197,5,1/255,0.45,0.25,rcp,0.0,0.0,0.0,356.2510214381748
yolo11x,000000567197,5,1/255,0.45,0.25,square_attack,0.0,0.0,0.0,59.05747731526693
yolo11x,000000567197,5,2/255,0.45,0.25,odpv,0.0,0.0,0.0,0.0033774375915527344
yolo11x,000000567197,5,2/255,0.45,0.25,pgd,0.0,0.0,0.0,3.631147861480713
yolo11x,000000567197,5,2/255,0.45,0.25,rcp,0.0,0.0,0.0,351.90089461538525
yolo11x,000000567197,5,2/255,0.45,0.25,square_attack,0.0,0.0,0.0,37.45557811525133
yolo11x,000000567197,6,1/255,0.45,0.25,odpv,0.0,0.0,0.0,0.002733945846557617
yolo11x,000000567197,6,1/255,0.45,0.25,pgd,0.0,0.0,0.0,127.39221954345703
yolo11x,000000567197,6,1/255,0.45,0.25,rcp,0.0,0.0,0.0,356.2510214381748
yolo11x,000000567197,6,1/255,0.45,0.25,square_attack,0.0,0.0,0.0,59.05747731526693
yolo11x,000000567197,6,2/255,0.45,0.25,odpv,0.0,0.0,0.0,0.003380298614501953
yolo11x,000000567197,6,2/255,0.45,0.25,pgd,0.0,0.0,0.0,3.631147861480713
yolo11x,000000567197,6,2/255,0.45,0.25,rcp,0.0,0.0,0.0,351.90089461538525
yolo11x,000000567197,6,2/255,0.45,0.25,square_attack,0.0,0.0,0.0,37.45557811525133
yolo11x,000000567197,7,1/255,0.45,0.25,odpv,0.0,0.0,0.0,0.0027740001678466797
yolo11x,000000567197,7,1/255,0.45,0.25,pgd,0.0,0.0,0.0,127.39221954345703
yolo11x,000000567197,7,1/255,0.45,0.25,rcp,0.0,0.0,0.0,356.2510214381748
yolo11x,000000567197,7,1/255,0.45,0.25,square_attack,0.0,0.0,0.0,59.05747731526693
yolo11x,000000567197,7,2/255,0.45,0.25,odpv,0.0,0.0,0.0,0.0033702850341796875
yolo11x,000000567197,7,2/255,0.45,0.25,pgd,0.0,0.0,0.0,3.631147861480713
yolo11x,000000567197,7,2/255,0.45,0.25,rcp,0.0,0.0,0.0,351.90089461538525
yolo11x,000000567197,7,2/255,0.45,0.25,square_attack,0.0,0.0,0.0,37.45557811525133
yolo11x,000000567197,8,1/255,0.45,0.25,odpv,0.0,0.0,0.0,0.13885855674743652
yolo11x,000000567197,8,1/255,0.45,0.25,pgd,0.0,0.0,0.0,127.39221954345703
yolo11x,000000567197,8,1/255,0.45,0.25,rcp,0.32716200095079456,0.0,0.0,356.2510214381748
yolo11x,000000567197,8,1/255,0.45,0.25,square_attack,0.3157432973384857,0.0,0.0,59.05747731526693
yolo11x,000000567197,8,2/255,0.45,0.25,odpv,0.0,0.0,0.0,0.07549452781677246
yolo11x,000000567197,8,2/255,0.45,0.25,pgd,0.0,0.0,0.0,3.631147861480713
yolo11x,000000567197,8,2/255,0.45,0.25,rcp,0.10640219732722579,0.0,0.0,351.90089461538525
yolo11x,000000567197,8,2/255,0.45,0.25,square_attack,0.0,0.0,0.0,37.45557811525133
